{
  "dataset": {
    "total_sentences": 1697,
    "test_sentences": 340,
    "test_tokens": 4093,
    "missing_test_ids": []
  },
  "split": {
    "seed": 42,
    "source_manifest": "reports\\transformer_parser_v1_opt_split.json",
    "stratified_by_source_sheet": false
  },
  "external_models": {
    "spacy_el_core_news_lg": {
      "scores": {
        "upos_accuracy": 0.6721231370632788,
        "deprel_f1_weighted": 0.5315475991256708,
        "uas": 0.5492303933545077,
        "las": 0.41827510383581723
      },
      "token_count_mismatch_sentences": 0
    },
    "stanza_el_pretrained": {
      "scores": {
        "upos_accuracy": 0.612509161983875,
        "deprel_f1_weighted": 0.42415053513676304,
        "uas": 0.6078670901539214,
        "las": 0.339604202296604
      },
      "token_count_mismatch_sentences": 0
    },
    "stanza_grc_proiel": {
      "scores": {
        "upos_accuracy": 0.5291961886147081,
        "deprel_f1_weighted": 0.4044350886063151,
        "uas": 0.48497434644515025,
        "las": 0.30759833862692404
      },
      "token_count_mismatch_sentences": 0
    }
  },
  "ranking_by_las": [
    {
      "model": "spacy_el_core_news_lg",
      "las": 0.41827510383581723
    },
    {
      "model": "stanza_el_pretrained",
      "las": 0.339604202296604
    },
    {
      "model": "stanza_grc_proiel",
      "las": 0.30759833862692404
    }
  ],
  "reference_models": {
    "transformer_parser_v1_opt_report": {
      "upos_accuracy": 0.8893232347911068,
      "deprel_f1_weighted": 0.7250315978523162,
      "uas": 0.6098216467139018,
      "las": 0.5162472514048375
    },
    "transformer_parser_mbert_v2_report": {
      "upos_accuracy": 0.8260444661617395,
      "deprel_f1_weighted": 0.6076033684008235,
      "uas": 0.5885658441241144,
      "las": 0.453701441485463
    },
    "stanza_custom_v1_report": {
      "upos_accuracy": 0.7693623259223064,
      "deprel_f1_weighted": 0.6587751023281799,
      "uas": 0.5756169069142438,
      "las": 0.4942584901050574
    },
    "final_gold_eval_report_v3": {
      "upos_accuracy": 0.9039824089909602,
      "deprel_f1_weighted": 0.7451071303429339,
      "uas": 0.5780601026142194,
      "las": 0.507207427314928
    }
  }
}