{
  "dataset": {
    "total_sentences": 1697,
    "train_sentences": 1357,
    "test_sentences": 340,
    "train_tokens": 15944,
    "test_tokens": 4093
  },
  "model_scores": {
    "upos_accuracy": 0.892499389201075,
    "deprel_f1_weighted": 0.7314539756957964,
    "uas": 0.5709748350842903,
    "las": 0.49572440752504277
  },
  "hybrid_proxy_scores": {
    "upos_accuracy": 0.31321768873686784,
    "deprel_f1_weighted": 2.011203474407555e-05,
    "uas": 0.0842902516491571,
    "las": 0.0007329587099926704
  },
  "delta_model_minus_baseline": {
    "upos_accuracy": 0.5792817004642071,
    "deprel_f1_weighted": 0.7314338636610523,
    "uas": 0.48668458343513316,
    "las": 0.4949914488150501
  }
}