{
  "dataset": {
    "total_sentences": 1697,
    "train_sentences": 1357,
    "test_sentences": 340,
    "train_tokens": 15944,
    "train_tokens_after_hardcase_aug": 17970,
    "test_tokens": 4093
  },
  "hardcase_augmentation": {
    "enabled": true,
    "error_report_source": "reports\\final_gold_parser_error_report_v3.json",
    "target_deprel_count": 12,
    "target_deprels": [
      "advcl",
      "advmod",
      "amod",
      "appos",
      "cc",
      "conj",
      "nmod",
      "nsubj",
      "nsubj:pass",
      "obj",
      "obl",
      "root"
    ],
    "hardcase_multiplier": 2,
    "min_sentence_len": 31,
    "min_head_distance": 11,
    "hardcase_examples": 2026,
    "hardcase_repeats_added": 2026,
    "augmented_train_examples": 17970
  },
  "model_scores": {
    "upos_accuracy": 0.9027608111409724,
    "deprel_f1_weighted": 0.7455887698593436,
    "uas": 0.5770828243342292,
    "las": 0.5081847055949181
  },
  "hybrid_proxy_scores": {
    "upos_accuracy": 0.31321768873686784,
    "deprel_f1_weighted": 2.011203474407555e-05,
    "uas": 0.0842902516491571,
    "las": 0.0007329587099926704
  },
  "delta_model_minus_baseline": {
    "upos_accuracy": 0.5895431224041046,
    "deprel_f1_weighted": 0.7455686578245996,
    "uas": 0.4927925726850721,
    "las": 0.5074517468849254
  }
}