{
  "dataset": {
    "total_sentences": 1697,
    "train_sentences": 1357,
    "test_sentences": 340,
    "train_tokens": 15944,
    "test_tokens": 4093
  },
  "model_scores": {
    "upos_accuracy": 0.8988516980210115,
    "deprel_f1_weighted": 0.7372396723665189,
    "uas": 0.06792084045932079,
    "las": 0.052284387979477154
  },
  "hybrid_proxy_scores": {
    "upos_accuracy": 0.31321768873686784,
    "deprel_f1_weighted": 2.011203474407555e-05,
    "uas": 0.0842902516491571,
    "las": 0.0007329587099926704
  },
  "delta_model_minus_baseline": {
    "upos_accuracy": 0.5856340092841437,
    "deprel_f1_weighted": 0.7372195603317748,
    "uas": -0.016369411189836314,
    "las": 0.051551429269484486
  }
}