{
  "dataset": {
    "total_sentences": 1697,
    "train_sentences": 1357,
    "test_sentences": 340,
    "train_tokens": 15944,
    "test_tokens": 4093
  },
  "model_scores": {
    "upos_accuracy": 0.9039824089909602,
    "deprel_f1_weighted": 0.7451071303429339,
    "uas": 0.5780601026142194,
    "las": 0.507207427314928
  },
  "hybrid_proxy_scores": {
    "upos_accuracy": 0.31321768873686784,
    "deprel_f1_weighted": 2.011203474407555e-05,
    "uas": 0.0842902516491571,
    "las": 0.0007329587099926704
  },
  "delta_model_minus_baseline": {
    "upos_accuracy": 0.5907647202540923,
    "deprel_f1_weighted": 0.7450870183081898,
    "uas": 0.49376985096506226,
    "las": 0.5064744686049353
  }
}