{
  "dataset": {
    "total_sentences": 1000,
    "train_sentences": 800,
    "test_sentences": 200,
    "train_tokens": 19614,
    "test_tokens": 4461
  },
  "model_scores": {
    "upos_accuracy": 0.9984308451019951,
    "deprel_f1_weighted": 1.0,
    "uas": 1.0,
    "las": 1.0
  },
  "hybrid_proxy_scores": {
    "upos_accuracy": 0.9255772248374804,
    "deprel_f1_weighted": 0.9332645263511055,
    "uas": 1.0,
    "las": 0.9551670029141448
  },
  "delta_model_minus_baseline": {
    "upos_accuracy": 0.0728536202645147,
    "deprel_f1_weighted": 0.06673547364889454,
    "uas": 0.0,
    "las": 0.0448329970858552
  }
}